claim_number,fraud
19008,0.23259189212489803
23452,0.1327451383482191
10471,0.32992200214300205
5235,0.16266166307041105
29088,0.2832858962678594
4253,0.12910101814744906
21639,0.22901251399623612
22099,0.1455679790294476
29623,0.07991809521133617
22992,0.3067100304524778
18624,0.22377436203460038
28366,0.1982002932386932
28480,0.5303962001503816
26967,0.3322625327169505
7351,0.22646055647958174
26650,0.10814558105774469
6004,0.08185290586308921
24164,0.22407549860023035
27744,0.16317073327111845
21085,0.10677234624975149
25473,0.2121763465464821
5949,0.22580977682867193
7738,0.12795407329585465
11895,0.1394322494813829
11383,0.14097038361725342
11486,0.1325486163083527
9905,0.2195548341934706
6005,0.10784124573642583
24684,0.17229884701381787
25751,0.2532036267251549
24527,0.20360628726124125
2065,0.08185290586308921
20574,0.17476970881046316
2051,0.07270133005497263
543,0.13480380778733658
3761,0.27813477067992937
26774,0.2048895302844343
6586,0.3629843225248227
5075,0.15593870534512144
14989,0.09581333762495162
20372,0.3780035807561163
393,0.11412793951099096
13762,0.18811105063531613
14164,0.11509693776860201
811,0.12801025165266927
6878,0.21209915002688076
8597,0.1679295404580676
18635,0.31628392597475163
19946,0.11227620780406296
6323,0.30384053597897787
20679,0.13649231945114637
18359,0.2325923999883436
18532,0.12149448173502994
19961,0.0905652400315264
14492,0.16266166307041105
21775,0.14291936801878222
19466,0.21572675147409703
12428,0.22368609525348945
1791,0.21641618864347406
21375,0.23336440670986652
14158,0.0747193000077252
17374,0.2002866968499753
14515,0.09951665421757529
6752,0.33749867101988207
10994,0.2853510303846296
10582,0.17465632135988698
17605,0.20507679702714743
11135,0.19480308595514956
11841,0.2076535139283879
7876,0.24697492231103008
4643,0.23394741607469757
22127,0.16317073327111845
15917,0.18765998216523058
5362,0.1539769137491835
21047,0.21680424751188251
11676,0.16246930249367586
17553,0.21628159591996948
22184,0.43933674754538987
15189,0.2769209392994075
11575,0.193729383146565
10794,0.18621808852821797
21953,0.08882325421245375
3889,0.09619136144069879
28809,0.10849910566199854
14430,0.12801025165266927
14263,0.23129502078242398
4752,0.09129095583791064
13411,0.497809477121574
20762,0.12795407329585465
5703,0.23107507648836237
9005,0.23324754620348317
23629,0.2980683439562978
1818,0.08241943900829973
3984,0.1670593924184667
23609,0.2262703081259103
12181,0.14776298935511173
16701,0.09129095583791064
28937,0.12801025165266927
11111,0.2568621175337657
12391,0.12911555156729818
23230,0.22438929849631284
2947,0.4965641892716788
2377,0.18159852496795245
20464,0.2490061807268833
20218,0.15186100186003593
24111,0.09584503272004771
28432,0.26996533809719236
22141,0.10579080140580757
26028,0.13480380778733658
7803,0.1228421724963334
23128,0.21814329304954674
5234,0.2555956348402073
16318,0.18057039447060266
10227,0.2831510680939018
13309,0.3420702008198042
29542,0.18250724158753406
23673,0.387964267397075
29463,0.08615130906063863
10814,0.20862679050100966
27762,0.16316257414956423
23866,0.19237192224866048
16980,0.16768039886856537
28920,0.1025416124510998
13528,0.2544239887015716
3236,0.17229884701381787
8909,0.157725124964338
17022,0.1154823160322106
29963,0.19483400836060574
24987,0.16449373346675053
4306,0.2408422601481543
28783,0.18060213730950855
3206,0.22462238447361327
22712,0.09055173149982981
10595,0.1522369610143303
17987,0.16069987147447312
4195,0.225844489688204
26783,0.38082713524742795
16375,0.3532312473915612
2636,0.23662204722457125
3965,0.1631314161842818
8097,0.1353512156287278
8906,0.17794277360022243
1998,0.2557437835589106
24607,0.16266166307041105
18061,0.2188782747554193
9780,0.19448999965204497
19226,0.2157302699708457
7084,0.3017953995235218
19802,0.13409282910952258
3657,0.3689302919679258
6663,0.34514194952212945
18197,0.17187464260783575
23374,0.40736909484404443
22541,0.23086456293333693
17434,0.16245475652301009
27135,0.13845411104708433
27436,0.072872527522999
17076,0.10956339472754915
12636,0.12353394685662014
28497,0.3124467226990776
9543,0.16557588928852826
28033,0.12434912749871242
14969,0.16557588928852826
28636,0.08262840783611183
1873,0.16317073327111845
1740,0.18148897230545769
6003,0.2554807534977782
26334,0.15758232708861436
11287,0.24198840622276574
7778,0.29827517896579636
28816,0.12069041558110592
12583,0.23253273455396153
20126,0.15593870534512144
21612,0.2149944100367896
15936,0.17121981587493285
15378,0.2593155711901746
9325,0.1691257822240586
3831,0.19870058775470054
26212,0.11854445586277781
14463,0.17339102407762472
11391,0.16513252486705637
9495,0.10454215462584662
19426,0.18621808852821797
14561,0.06924800608041407
28900,0.2624138435735147
20837,0.4000700754706701
617,0.12795407329585465
26640,0.08262840783611183
3132,0.17229884701381787
23007,0.17356586763412118
4750,0.06792530230133931
8302,0.31552718564137383
23722,0.5257834601507406
8615,0.25610994060817893
27364,0.22440925081909105
19389,0.25409372022133253
17996,0.18569755586104963
11307,0.12801025165266927
29261,0.1005920062021966
7984,0.09421797749599478
16507,0.1679295404580676
1124,0.21101671777761355
25905,0.08882325421245375
23305,0.2009305562030983
19699,0.21901137353337624
11991,0.1025416124510998
5047,0.11629770375452535
20658,0.21451935383909995
8392,0.09067144491089608
24110,0.2440343846461579
27063,0.17794277360022243
17629,0.16132066867699127
26641,0.09658486006838633
11748,0.2544239887015716
25863,0.21643465440641324
23710,0.19435971250221917
10458,0.295928713514895
29145,0.18563802134040558
3213,0.10707741260045199
20167,0.13649231945114637
1720,0.0626982978524359
25531,0.17476970881046316
7124,0.17369725064294278
25280,0.26795406804299876
7781,0.08185290586308921
8669,0.1402877174909355
9934,0.38711909840649106
9556,0.2004143405516831
5836,0.13513389469511106
9032,0.1691257822240586
22556,0.12801025165266927
15441,0.22611171487499507
8856,0.14789961886309147
9776,0.20360628726124125
9248,0.12410055901553863
26562,0.15163388623124557
232,0.17949513080292837
3652,0.11451758097748288
24314,0.06107124262838298
28089,0.29228311395084605
28326,0.16317073327111845
18937,0.13875007626868455
18096,0.1810144426985611
9466,0.26155755775621664
13406,0.336927108991173
15835,0.32222091916882495
12507,0.1941125249090171
13405,0.209429137533167
828,0.3285269033873101
4931,0.21146855718328578
10909,0.14934675768281117
15349,0.22586123832975125
15556,0.14511303864807587
6867,0.08241943900829973
25364,0.45511743131694066
16856,0.13623328475774915
28201,0.0829663643190601
16601,0.28193944884115013
19662,0.2098102085292711
4734,0.24691493720485583
6696,0.290155245311143
26947,0.3040245902008148
26090,0.12795407329585465
28440,0.19719532593020375
26777,0.16830558965681564
29645,0.1273658009959162
7046,0.15167329952084596
16189,0.2188782747554193
3564,0.2254361173301865
20099,0.09419085356731664
11607,0.12795407329585465
29513,0.1663437980608777
11198,0.37956447512093794
9289,0.2201004466404173
22071,0.3714003818584365
12430,0.17416071287648083
29287,0.14254913591432755
13075,0.1663437980608777
5995,0.213872222044326
27843,0.1424294007252136
712,0.11509693776860201
13662,0.25890861103596197
21007,0.24473148406403625
18307,0.10814558105774469
6983,0.213872222044326
26184,0.11875978986647058
4178,0.2489471136072048
3389,0.17415602684387965
24373,0.27763503770652065
10982,0.15610317985164404
2521,0.2894636834545076
3339,0.18961509302436014
12143,0.3196603306710504
25518,0.16266166307041105
25873,0.26426387627022596
15719,0.17355812504489898
6232,0.1025416124510998
14590,0.09540097145968478
23453,0.13879458866149583
15848,0.08218870994672
5659,0.23300051162058863
15934,0.2005054352035335
27781,0.3864544125398146
22409,0.14771016057655528
2691,0.19237192224866048
9716,0.193729383146565
26936,0.2625549928507347
8693,0.24663874609387756
24357,0.09097302796563266
2833,0.1941125249090171
12722,0.08305643811290858
4502,0.19185100886669404
9348,0.15492800264763437
29377,0.23825711769152388
26428,0.09857403624944404
7083,0.22586123832975125
28666,0.2301009851578716
17924,0.2825648658858121
2331,0.193729383146565
21398,0.18426611151012356
11610,0.1691257822240586
14194,0.2740283874832993
8668,0.2592830053979382
16429,0.23801797850771358
16273,0.2257537007785505
27849,0.1840375693422496
22183,0.2505048228743953
925,0.072872527522999
15239,0.17522607617532254
11496,0.2035051563349114
16115,0.1776863190129893
12699,0.07757259759926459
14814,0.072872527522999
9526,0.07279213464849701
8456,0.16557588928852826
2219,0.32352806329054606
7996,0.23801797850771358
29531,0.12801025165266927
26796,0.16830558965681564
6405,0.19237192224866048
25286,0.1618953592599696
19959,0.16475613425943605
9708,0.3701839735711096
6019,0.16279434266349813
16046,0.09683765199209338
11313,0.12801025165266927
425,0.28976428420489453
29569,0.2314781323910246
24864,0.13166871140559305
18223,0.0747193000077252
384,0.39377223896854086
23164,0.19965535394222053
7030,0.2188782747554193
27761,0.12355315117414743
25056,0.3605943169507695
23207,0.1888706206508089
29500,0.19237192224866048
28621,0.1383261608857884
2848,0.25338760424577705
8411,0.07757259759926459
8004,0.18333053150908146
18212,0.16513252486705637
14502,0.11765902654736646
17535,0.1691257822240586
18202,0.08766340068788891
24625,0.19451454723721345
13808,0.12795407329585465
16795,0.12395858507008155
17378,0.23359455900446643
24502,0.23086456293333693
9586,0.18138438555974284
3039,0.12795407329585465
8741,0.1228421724963334
8170,0.1025416124510998
3705,0.26148461254475464
15863,0.17043287892779715
10163,0.4344907713723941
21423,0.23086456293333693
21164,0.16266166307041105
4727,0.18511840042765482
14513,0.24703839425549484
25516,0.1691257822240586
29640,0.08615130906063863
17693,0.17229884701381787
28811,0.186689860946544
1510,0.18148897230545769
15080,0.0927504215770919
25678,0.1594885982806518
23262,0.5446946447785684
18578,0.1691257822240586
6442,0.12388111548127549
14753,0.19237192224866048
6743,0.13649231945114637
24548,0.072872527522999
25850,0.12149448173502994
21029,0.29146960736507865
25849,0.1838523064686752
8769,0.24749444677842486
6051,0.16085027733705126
2944,0.16266166307041105
24821,0.11522855965529691
25054,0.2761843787323384
12779,0.21037826952160235
12248,0.13980153027503608
11826,0.17415602684387965
21348,0.21123289205704984
10871,0.21092895835512224
26207,0.13009782218959132
9069,0.2761843787323384
25886,0.19625203890193665
3201,0.30505083532561456
13918,0.12801025165266927
17817,0.2076535139283879
22132,0.17229884701381787
10300,0.11266794282577029
26594,0.2442158860222691
5405,0.2545284096339807
6757,0.22671930915381702
8837,0.4621284009971546
28731,0.3285440365321185
5904,0.24639731734127046
25778,0.12795407329585465
4248,0.17355812504489898
21090,0.23129502078242398
9769,0.26587501130581837
19517,0.21724635471029768
5568,0.21869336551901167
4799,0.19870058775470054
10391,0.2018863060560873
1363,0.1624907566898519
13923,0.20703858862308536
4468,0.2927003204841682
1320,0.21641618864347406
25343,0.3247311685072264
26591,0.41891523137234354
24149,0.15768493784576743
8032,0.2865714981522926
4673,0.3977133848460267
15453,0.16830558965681564
8275,0.11509693776860201
6751,0.31628392597475163
18958,0.1005920062021966
8188,0.24776942358828946
29219,0.0589449239612491
7534,0.16987473283332447
5826,0.2567196073539162
14581,0.27217284445638784
313,0.17339102407762472
830,0.15752680668471386
760,0.12795407329585465
18115,0.26148461254475464
3589,0.10220618658209038
24231,0.23801797850771358
6535,0.12801025165266927
19874,0.17229884701381787
29313,0.2408342644432875
9852,0.1957572031872609
15173,0.16557588928852826
18181,0.1517200160701458
15660,0.1263475943817912
4409,0.14281242606746838
5204,0.2142451759620358
28997,0.1735572088819959
5833,0.17476970881046316
25570,0.18569755586104963
6688,0.1428345426511083
7318,0.2130379071744825
1028,0.2170387361644882
796,0.12810565836247326
8891,0.15201692248907858
9639,0.23133733960310948
2027,0.2188782747554193
29380,0.2188782747554193
25012,0.1925087279428233
22185,0.17229884701381787
10295,0.16776884733379582
1732,0.3258937988425708
28507,0.17121981587493285
23381,0.42048379552454346
1897,0.2620816758257212
27809,0.07466312165091057
19178,0.2515043259053192
15920,0.14157801867754294
20002,0.055038366080721005
4860,0.1982002932386932
17721,0.23253273455396153
16064,0.18569755586104963
21,0.2580574726247412
8946,0.1982002932386932
27728,0.17415602684387965
19153,0.12587051716298062
25063,0.34877648326811034
25819,0.2080790158303362
24967,0.15028707264078064
4336,0.09129095583791064
25957,0.12801025165266927
14337,0.23801797850771358
16183,0.2411608165455431
2279,0.37689141525307546
2511,0.19870058775470054
4326,0.254009505330469
14666,0.18671746605151293
16986,0.1025416124510998
11585,0.19633630139567168
25971,0.3017953995235218
29795,0.11178298497601583
974,0.17229884701381787
13579,0.0689659696424709
25540,0.16266166307041105
10367,0.4936402561532007
20803,0.12920583451180012
14500,0.17476970881046316
11089,0.18426611151012356
3446,0.2136368320564785
19830,0.17229884701381787
23534,0.1691257822240586
12450,0.22279037116053935
2139,0.1025416124510998
27525,0.1005920062021966
14256,0.153879443997109
10165,0.22433268783987864
15167,0.2009305562030983
6441,0.2557437835589106
18019,0.13861630701137323
23400,0.22234110181729702
27933,0.3603896673361503
5013,0.17476970881046316
17052,0.2839198882640137
2083,0.27490936697137713
20160,0.19393942162534886
4930,0.07757259759926459
11284,0.11782100831581262
28309,0.18464118374034355
783,0.13409282910952258
29733,0.23485756016083492
24253,0.19230547737483494
22471,0.17794277360022243
10374,0.19237192224866048
25239,0.14931770724058205
27151,0.0626982978524359
17208,0.2769209392994075
17836,0.15752680668471386
29509,0.1594885982806518
4274,0.113610060515776
20173,0.23129502078242398
11394,0.09849118448372916
12217,0.2674852530402432
17480,0.19483400836060574
18024,0.18276262146650918
29331,0.14934675768281117
5787,0.254761654819465
2754,0.2076535139283879
13842,0.10144174342170946
2535,0.08280584409013773
18679,0.16069987147447312
27421,0.48299202560208504
16620,0.2591394426985611
11625,0.19625203890193665
4471,0.16557588928852826
6813,0.30947393878344664
29519,0.33362493963411977
18957,0.0747193000077252
15769,0.15955967919621647
4179,0.2870573577379896
24166,0.17794277360022243
12409,0.15768493784576743
25611,0.17794277360022243
11809,0.16513252486705637
14035,0.27780507678452293
10454,0.2188782747554193
21077,0.07757259759926459
18411,0.2204762265511707
15672,0.1407118678646225
22701,0.16069987147447312
1597,0.21759196618163604
17506,0.40585192217891297
12891,0.26274930043215683
23899,0.12795407329585465
17233,0.2880732793733275
28017,0.33674867024379596
5597,0.20102796825611233
13720,0.23801797850771358
5222,0.2219109248487729
49,0.19483400836060574
13690,0.2590557124086763
16353,0.3371786183312012
22152,0.17229884701381787
19812,0.17231747376498432
26464,0.23114712208129357
18833,0.3094296862706188
22951,0.13756622721045939
5127,0.2544239887015716
7673,0.2188782747554193
23950,0.2489600043461936
25853,0.34430587044620303
2612,0.11451758097748288
860,0.37032843504168017
29090,0.19197380685288115
12556,0.19237192224866048
4513,0.37768831871391334
12562,0.20190373223738817
21043,0.2998945166227014
15712,0.08882325421245375
26280,0.21980135594990086
7724,0.20137335802845246
18500,0.2196432733449152
17159,0.4124748182984058
22648,0.1109548747212317
6731,0.12801025165266927
1435,0.34370459706586387
2508,0.07012817947810562
1178,0.1818882161419802
19875,0.075645550046842
8292,0.08111672616734755
17885,0.21810012145930135
15347,0.1514579236375962
14148,0.21210219113616668
26577,0.189923116486803
16902,0.20933276463797143
24243,0.19233921476537866
24851,0.11481802526432
12734,0.1502657250691283
12622,0.1096443302630918
5816,0.21101671777761355
2589,0.13166871140559305
16657,0.170385231454098
7289,0.2057003209121155
9371,0.25511934288317595
11807,0.49377223896854083
22321,0.12284901247112734
21960,0.17229884701381787
22721,0.1522369610143303
22668,0.30367049690097564
29254,0.09450295129772
9438,0.21298969215360353
26887,0.10814558105774469
24398,0.12801025165266927
5748,0.23406216525381243
23769,0.11518794800554827
24929,0.30388562026297183
1073,0.09217288361456408
1779,0.15593870534512144
21803,0.15752680668471386
1950,0.2076535139283879
25675,0.11717210187020019
6883,0.23324754620348317
14142,0.1821476629255193
166,0.06924800608041407
928,0.1941125249090171
11926,0.1990956665328483
13917,0.1773973296808434
20074,0.11956864008199744
6712,0.16266166307041105
29578,0.09129095583791064
1356,0.21158008407625448
17514,0.20890720217790984
16225,0.4675905070432041
26181,0.22622910905307914
4498,0.3433212580009496
21028,0.1522369610143303
20391,0.17476970881046316
23397,0.11509693776860201
21918,0.1691257822240586
24025,0.11481802526432
14287,0.23484491371795432
744,0.4266382627986594
28263,0.23253273455396153
28827,0.3434542777510821
23793,0.23484491371795432
17726,0.1888706206508089
3000,0.2641676274030379
25164,0.12801025165266927
7827,0.19300176182107365
1724,0.19483400836060574
74,0.1409867913502682
8127,0.1897506068534989
10338,0.2367822338497093
27246,0.1655780857162496
12028,0.14789961886309147
22148,0.07592121110115055
3616,0.2998374862850626
3473,0.30637036235940357
3509,0.1303901099361416
28994,0.21910090130362586
2223,0.19237192224866048
4802,0.193729383146565
22478,0.12801025165266927
17094,0.25132141480268133
17992,0.18621808852821797
18842,0.18057039447060266
22993,0.2300744814137239
1192,0.11509693776860201
22607,0.233040024802481
27918,0.23801797850771358
23241,0.18107946467131006
10816,0.11747540905567755
15944,0.23801797850771358
22813,0.27558037471656394
1704,0.2544239887015716
28339,0.20640752119826014
21902,0.34025465428444335
15858,0.2730962485813004
23434,0.21331442707601997
12169,0.13335561772695334
4425,0.08185290586308921
17714,0.11717210187020019
4784,0.16557588928852826
28796,0.39131670901920823
5317,0.229544768075998
19273,0.24697492231103008
6651,0.310383664325401
13494,0.22657008472888923
11067,0.10424057525964747
6156,0.23785394264081386
26986,0.1539769137491835
28007,0.2607119874923377
18129,0.11709902166792824
10305,0.12801025165266927
17459,0.16012216166317386
14978,0.14931770724058205
10688,0.1766181129558249
19104,0.21628159591996948
26478,0.2761843787323384
7549,0.1594885982806518
9857,0.3262243850600967
11104,0.16830558965681564
24900,0.12795407329585465
23708,0.16266166307041105
20523,0.1691257822240586
8737,0.23324754620348317
24950,0.28252662019512365
24395,0.17794277360022243
24104,0.17794277360022243
14690,0.24129566134845795
16259,0.1025416124510998
27226,0.17577949587335162
9791,0.26148461254475464
25316,0.11418411786780558
15821,0.17121981587493285
23095,0.13237059515381583
2491,0.10926118850063968
25799,0.12696298856477495
22494,0.2271471693554162
23168,0.22580977682867193
14792,0.2233045495804842
11811,0.49639631467602746
1653,0.10713701366851743
2084,0.04273781774302402
4965,0.21149280194760325
26962,0.2201004466404173
18563,0.18201112636410155
944,0.19237192224866048
21404,0.25222356300118515
22555,0.0589449239612491
26572,0.1838523064686752
27948,0.25976403555221184
14295,0.13845411104708433
20876,0.23874606320076094
5760,0.12696298856477495
5667,0.24905036759786195
22302,0.09162393542990993
1977,0.1228421724963334
26307,0.3017953995235218
2673,0.2460578098737832
29314,0.0589449239612491
17702,0.19625203890193665
4388,0.19835383930185782
21345,0.11451758097748288
15772,0.21281290521582552
20231,0.22225920123768317
3685,0.21925170042543068
15620,0.16266166307041105
10684,0.12801025165266927
15449,0.3144931120256057
12522,0.27950806370314435
21133,0.20565972716211195
27533,0.1773290916336389
19320,0.1691257822240586
15776,0.19080302138956265
4045,0.10982634017221268
24889,0.20442581292958134
24207,0.10685990841915821
6619,0.12395858507008155
21171,0.1196053327639435
26315,0.21092895835512224
8630,0.1025416124510998
9233,0.08517307586069597
24989,0.17229884701381787
13961,0.28193944884115013
29734,0.17794277360022243
642,0.1323439716678039
26276,0.2067793520510005
20211,0.1594885982806518
4020,0.2521380202762105
19726,0.23005927612441968
9569,0.20020315810753314
27216,0.1566162425189524
13089,0.1025416124510998
28617,0.0589449239612491
28561,0.11522855965529691
7333,0.1694188305770524
20811,0.3279042332969856
23225,0.18558251964954534
17839,0.17415602684387965
15136,0.23129502078242398
17806,0.2266575971988955
18633,0.1259922816999167
6241,0.23183966687407057
28005,0.15707120240860453
3417,0.2512547285964035
14686,0.12182150958487749
1015,0.09129095583791064
18583,0.20015708657431977
13194,0.19554498703841974
3184,0.2848844310930694
9895,0.19895134590321395
18058,0.18621808852821797
28879,0.17229884701381787
7177,0.07224520933773662
1978,0.102262364938905
9921,0.2179382311412344
18142,0.19625203890193665
8283,0.11078485936874734
17105,0.072872527522999
20526,0.17723270086915377
6771,0.12801025165266927
4408,0.112036832141181
25696,0.18811105063531613
13128,0.15277751345732657
27503,0.10564103652024753
29302,0.17415602684387965
19761,0.24379059468538078
17253,0.16582073894056262
21647,0.072872527522999
1112,0.43609294180269953
25181,0.229086820333408
14186,0.21451935383909995
4706,0.1228421724963334
23618,0.30388562026297183
20855,0.16266166307041105
11211,0.10564103652024753
7311,0.1259922816999167
885,0.12717179995020486
95,0.1445820252896603
4856,0.30560525338467576
21174,0.44399028785888367
1904,0.28857423713153535
27560,0.10144174342170946
24637,0.2065388447824212
24406,0.19237192224866048
9448,0.2649543612013175
10803,0.1025416124510998
12088,0.14536558590576323
11755,0.24932973840626882
16596,0.3317807158947571
1822,0.22580977682867193
8652,0.09857403624944404
29865,0.3289950088488213
24173,0.1691257822240586
19881,0.335834545595463
11003,0.0829663643190601
25429,0.13614798377394693
23181,0.2067793520510005
18794,0.3482473395238858
2924,0.18165666667493918
16295,0.1315252146775882
26388,0.25222356300118515
5517,0.36643766210072415
12505,0.09414437123625562
4588,0.12410055901553863
5308,0.23874606320076094
9580,0.20142000657602882
1157,0.155732161269475
19017,0.2771656975163365
12818,0.21209915002688076
21215,0.18621432105700725
22298,0.16557588928852826
27175,0.14796858454946268
13382,0.10573462304899295
8381,0.2557437835589106
18124,0.24770103097628202
9550,0.08517307586069597
21327,0.06849183544654983
4100,0.11451758097748288
24255,0.23484491371795432
756,0.22151662578940853
22001,0.26928531432364344
6447,0.27709810775220123
22080,0.21067692074960298
22429,0.3003859199750202
22338,0.15752680668471386
4489,0.24943608071978612
13123,0.39310700953534833
26912,0.17794277360022243
18560,0.10592772273159201
6493,0.17794277360022243
22893,0.12410055901553863
24592,0.23005927612441968
4658,0.17229884701381787
26488,0.20373009105359732
11778,0.2544239887015716
3598,0.10261773661604831
27265,0.20117377309999215
16133,0.19237192224866048
1325,0.12801025165266927
27701,0.1776863190129893
15498,0.16069987147447312
26268,0.3750820514790236
14019,0.13084662374911793
2562,0.18527528782324754
6968,0.21190123706386788
12003,0.06924800608041407
15697,0.26032857300020606
2474,0.3603896673361503
11092,0.179902139121847
29483,0.22569081313667552
12329,0.5133907378334668
4921,0.18511840042765482
19015,0.2199626791032447
12389,0.31370638845328375
6889,0.404756632477571
12339,0.30570628812616235
21962,0.19197380685288115
2904,0.15674667363297204
1687,0.23253273455396153
28088,0.2936529795637296
15851,0.3293720286228122
28570,0.12794305202906642
3397,0.12795407329585465
29875,0.11546362241047434
1795,0.16266166307041105
8270,0.18057039447060266
4155,0.33397338019301137
25082,0.2723817705269563
188,0.193729383146565
20426,0.26763170419488586
15754,0.11451758097748288
17376,0.25263823637847393
22849,0.22525336865336373
26746,0.17229884701381787
8814,0.22652458847819357
29840,0.1778120576602729
21008,0.23484491371795432
7664,0.13861630701137323
14358,0.11617336471122808
13806,0.2927857618024982
5514,0.14586280469604626
24912,0.17229884701381787
14957,0.28252662019512365
18435,0.20137335802845246
9951,0.19451454723721345
4720,0.17229884701381787
12918,0.1394322494813829
23672,0.1566162425189524
8738,0.21294983693024702
3970,0.2071080303614191
14801,0.12795407329585465
17482,0.26204927433037095
18284,0.18913241258507568
8913,0.3730724031279835
2637,0.27582833294107423
21420,0.3106947619120191
10921,0.18811105063531613
19106,0.39802911290883075
3394,0.22687133693103628
7069,0.08517307586069597
22232,0.1228421724963334
5384,0.17229884701381787
23211,0.29472564912125443
4399,0.22613554059580215
7848,0.11631639737626161
25240,0.23145526176190334
9774,0.13875007626868455
25006,0.28042537965059133
9634,0.25361007900490684
14854,0.25449238131357904
3720,0.1455679790294476
19055,0.13903641602759148
4002,0.21686593975029184
1209,0.13020040821008716
27348,0.13845411104708433
16372,0.32350754696528494
26320,0.2831510680939018
15978,0.072872527522999
17642,0.1982002932386932
417,0.3420702008198042
16751,0.28252662019512365
8150,0.23161089164242
15684,0.10627774443294402
14541,0.09901166532370334
29469,0.15955967919621647
14574,0.16582073894056262
6561,0.09298253812602754
12843,0.1594885982806518
24885,0.1596208403355881
2174,0.2776419696814548
27016,0.23253273455396153
3351,0.2023948305245004
11532,0.14254114527904616
9073,0.14224589292225787
17947,0.1691257822240586
20518,0.1691257822240586
3457,0.19237192224866048
25463,0.23129502078242398
29173,0.07757259759926459
14954,0.20389093362781527
15107,0.30434188420248115
16705,0.08185290586308921
29688,0.2005054352035335
19133,0.19237192224866048
15195,0.38689837233675556
13224,0.30050902365914345
22533,0.10258417002931465
3847,0.08185290586308921
1790,0.08831141167333417
28831,0.07167867619252612
16197,0.20733462754700094
11762,0.29687820303643264
12046,0.17577949587335162
18783,0.12801025165266927
981,0.34596789864724575
19035,0.13875007626868455
26402,0.19767075002096168
21933,0.12795407329585465
18395,0.42970261451451935
831,0.12355315117414743
2910,0.2435824425164528
24001,0.17187464260783575
8018,0.17121981587493285
4164,0.1591770879081332
25494,0.09611631350846991
28985,0.15832410276941666
899,0.09186238037450307
21143,0.3035587547859929
24150,0.14356428238670707
25304,0.19981588705713163
9941,0.1594885982806518
28932,0.16630448097404107
6349,0.2583107994069208
29498,0.2329153397980096
27731,0.20275300960922835
20130,0.2356965348650915
27695,0.20379769393008818
11098,0.27813472339308576
21306,0.2588459680361894
13666,0.2070096545752649
17271,0.06792530230133931
8226,0.3300438240973555
25060,0.14097038361725342
8744,0.14157801867754294
16745,0.072872527522999
12366,0.1596208403355881
9646,0.2769209392994075
553,0.23995733919326057
15302,0.1522369610143303
24610,0.21807908158382794
5059,0.16023917980208116
8770,0.1367092794119301
11848,0.17339102407762472
17214,0.3888194188574809
18262,0.1938313340338762
24248,0.07757259759926459
23414,0.13480380778733658
10907,0.290155245311143
6765,0.11909190234961499
17345,0.19483400836060574
2388,0.1539769137491835
20993,0.06924800608041407
422,0.1539769137491835
13568,0.17229884701381787
1690,0.09554978036325942
3444,0.24207619052945978
8923,0.21983999786088312
11174,0.20837887734740126
17150,0.2765725241104965
18424,0.20138638495053846
10683,0.2179832106492052
23792,0.1757537918165622
17774,0.1752724759808802
21889,0.11509693776860201
29871,0.21967123979292846
24830,0.09703211732827247
25282,0.17944238853673256
12644,0.23975979195674862
15832,0.2594525070953916
14888,0.3859387191072726
27137,0.16815535899200998
28071,0.1358426594520342
26754,0.14879286992749863
23193,0.06792530230133931
6035,0.26652870451071325
5293,0.18319140591103764
11432,0.07782671754178809
5924,0.17229884701381787
15407,0.29071577456607933
6659,0.18811105063531613
10266,0.08722773600326471
26365,0.2740321171013141
22974,0.25659303005615164
2548,0.19237192224866048
7909,0.5128826899490303
28527,0.15593870534512144
28176,0.13735034071071658
16066,0.24879914825474939
4246,0.08766340068788891
14538,0.13649231945114637
26964,0.20117377309999215
8986,0.18412651700504298
14024,0.05831760577598673
17509,0.1913414824474542
20650,0.18165666667493918
9167,0.3743123621986093
3973,0.2075282085340464
10496,0.08615342361808968
686,0.25222356300118515
19560,0.1691257822240586
5142,0.16557588928852826
528,0.08999476052351318
2958,0.11538858575699132
7101,0.21242327863740507
16117,0.2998045378310725
29182,0.15400607572958155
288,0.3108396466552896
2001,0.1278484371174376
9946,0.22155344833528973
23576,0.39128301865882864
26788,0.08882325421245375
8818,0.10707741260045199
10371,0.09554978036325942
7734,0.13629216829836355
28278,0.2188782747554193
8059,0.15297439242720665
22227,0.3675888321971437
6086,0.15593870534512144
13885,0.22780361833120125
17898,0.22622910905307914
9782,0.25890861103596197
21974,0.27558037471656394
10214,0.2188782747554193
29936,0.15857297904835627
24369,0.27137139542073935
18819,0.09546680684968445
6880,0.06792530230133931
1617,0.26503375713221045
18203,0.2271045933669767
23643,0.16069987147447312
24361,0.20698071950166153
7131,0.09741894141243734
17866,0.16069987147447312
22800,0.0686302451032486
21546,0.06666845350731065
12063,0.10579080140580757
11843,0.24424049406996803
4481,0.16557588928852826
15362,0.25535311638701497
6106,0.2819747711790511
8822,0.2714185424441577
26493,0.19483400836060574
859,0.1846826368620821
16832,0.22652458847819357
24952,0.072872527522999
2972,0.11176974162432866
15996,0.17339102407762472
3058,0.23058764237231352
17871,0.072872527522999
19283,0.1025416124510998
19552,0.19941156643251454
7703,0.10636334648244143
20877,0.2315626593057468
25745,0.2593155711901746
4522,0.12795407329585465
14929,0.209429137533167
20334,0.17855233009795793
14990,0.17121981587493285
28516,0.18007910381936604
17488,0.3692985579611918
22467,0.4371472691010124
6591,0.2346253667615672
23706,0.23324754620348317
23751,0.4593732803765157
9579,0.08185290586308921
17637,0.23186401768405188
1548,0.09129095583791064
5371,0.1259922816999167
4319,0.10793475952370744
11377,0.08882325421245375
27488,0.2897288182637257
17047,0.2092502138476458
19937,0.14536558590576323
12547,0.13859178365422656
14008,0.2292244265879425
3497,0.2787020418608163
20897,0.23991100118958694
10202,0.16634569346464878
26660,0.1773290916336389
22934,0.09740196567382779
19217,0.13845411104708433
20512,0.13269471716931577
13084,0.28832178570477945
5057,0.37009168341298526
19617,0.14789961886309147
6891,0.1522369610143303
15242,0.13649231945114637
10896,0.17536730003770098
13998,0.23843843748935722
18945,0.1025416124510998
4162,0.23528418195374629
21773,0.3418301136265657
19999,0.20183655174875365
10370,0.09129095583791064
21500,0.16069987147447312
24382,0.27283393664161903
2348,0.09129095583791064
12813,0.11725432096652823
25315,0.30087445496447845
7143,0.11916045675685519
9789,0.17219423524794172
19500,0.19483400836060574
10414,0.21846888664779923
13154,0.2554807534977782
24867,0.05775107263077621
18616,0.13142280318655497
2203,0.193729383146565
6111,0.209429137533167
7616,0.15752680668471386
28250,0.1876183593188784
21384,0.5857709120638399
11080,0.3077945890912502
18415,0.2692299246413262
26158,0.23801797850771358
2909,0.16069987147447312
28404,0.24559771473010328
6191,0.11266794282577029
19708,0.12410055901553863
12811,0.09217288361456408
11259,0.1766181129558249
17923,0.13423345427777195
17542,0.1932440294460434
21357,0.32321037323672747
5560,0.31603358521376007
22377,0.07986191685452154
21366,0.19554498703841974
27753,0.08262840783611183
19116,0.2573558508752321
13605,0.16561954658854827
24614,0.19483400836060574
10805,0.3264111100185645
3013,0.12801025165266927
20020,0.38778989918687135
28862,0.4303259215297073
21601,0.16266166307041105
1874,0.19958715716076747
27331,0.24639731734127046
11393,0.2132173405564438
13502,0.12984122461366707
13385,0.3888194188574809
13952,0.1228421724963334
17610,0.28958533484133686
12300,0.1330602199679899
23942,0.08825523331651955
3304,0.1025416124510998
5570,0.2556327317867179
5129,0.18426320029311927
7029,0.2071080303614191
11783,0.2188782747554193
11076,0.2941889734292267
1042,0.16069987147447312
25382,0.216676922031383
21323,0.2092502138476458
23129,0.41929464379438713
10356,0.10214028003606684
8934,0.11418411786780558
28735,0.2218615630921883
28982,0.23129502078242398
21959,0.20138638495053846
11956,0.1228421724963334
28673,0.27176984976461993
24117,0.10413792914380215
15142,0.22282588858696756
12415,0.19499196914697395
19370,0.21586739471627656
21431,0.2065388447824212
27131,0.3484420311581934
6260,0.4244392863389656
4298,0.11509693776860201
15930,0.23202363635618853
5971,0.23732887203186206
29409,0.1263475943817912
13377,0.10156124958740158
11844,0.1691257822240586
5452,0.22720964272528113
8468,0.072872527522999
3167,0.15444006552061587
5579,0.17949513080292837
18902,0.13409282910952258
8966,0.16956403061908765
8054,0.09414437123625562
8804,0.20034004551820894
29433,0.17229884701381787
26297,0.149888715664161
7541,0.15752680668471386
2075,0.12801025165266927
21665,0.13861630701137323
6788,0.1663437980608777
13217,0.47284851798681327
26513,0.2325923999883436
3335,0.2304725681882113
24413,0.16630448097404107
17483,0.35013512023185245
13294,0.2853178099027706
24861,0.11610736112410147
2736,0.22580977682867193
25958,0.06924800608041407
18714,0.1228421724963334
28748,0.20322256920780904
22473,0.33409236130822706
7489,0.1594885982806518
21535,0.2897481262982137
5334,0.2855516125142952
21254,0.11080471284479333
23563,0.2099783395352613
14730,0.16123102142843398
20511,0.09471998734599671
4955,0.17229884701381787
16401,0.09726284638985216
15980,0.09503568325261152
29310,0.22901251399623612
15460,0.2067793520510005
22717,0.1594885982806518
29594,0.3541843070133518
24918,0.19665405527890367
2152,0.19625203890193665
27028,0.16985959684938054
18535,0.05228472922832475
18165,0.24559771473010328
28362,0.20070514133128062
8933,0.3860406114612708
6258,0.17229884701381787
16241,0.2521111178996358
28676,0.11176974162432866
22406,0.20499678508086558
20712,0.16283112130202282
24367,0.08825523331651955
5843,0.2038655238333261
21663,0.40846202513000746
18534,0.36528124982475324
24057,0.1054431901897634
3326,0.22440925081909105
8706,0.2536063084754639
29462,0.15125105119658247
28135,0.15752680668471386
15467,0.30066747118921866
14952,0.2634247537460951
19544,0.2080790158303362
15548,0.3279042332969856
16969,0.13595681380870306
11616,0.43609294180269953
25300,0.2897288182637257
10834,0.072872527522999
12396,0.23484491371795432
3867,0.12841093696982148
13338,0.1025416124510998
19582,0.1539769137491835
12412,0.2761843787323384
829,0.08882325421245375
10104,0.16557588928852826
14022,0.17476970881046316
23569,0.16069987147447312
19656,0.2465766884963751
28128,0.08185290586308921
7908,0.2067793520510005
4442,0.29640242822115187
9449,0.1624907566898519
21543,0.10303898042545509
19809,0.09101778877755738
21433,0.1228421724963334
5636,0.13409282910952258
5532,0.1369371766724013
21945,0.1594885982806518
11331,0.2908547305903992
612,0.23253273455396153
21858,0.12795407329585465
12986,0.19791568374625576
15030,0.12888948976796247
18403,0.16948746614142235
21676,0.269400001526016
28138,0.2557437835589106
7037,0.20781975128923832
17517,0.20138638495053846
29394,0.18059261417519712
29940,0.048770694290686
3368,0.19220711493649995
22231,0.19237192224866048
10183,0.3494573563589026
9066,0.29228311395084605
21130,0.09097302796563266
7217,0.253846301714407
20087,0.1908591859775857
2903,0.10849910566199854
4424,0.2004143405516831
7317,0.07782671754178809
25202,0.16069987147447312
20942,0.11906409568365041
16205,0.13586135307377045
21126,0.30433068711942274
13122,0.12670320410459263
15050,0.27763503770652065
12842,0.1962411315788345
12291,0.22817277436669356
14459,0.14282358314988
11343,0.093869048476907
8620,0.17949513080292837
9086,0.44231153749608243
21787,0.1353512156287278
14568,0.2776419696814548
26311,0.209429137533167
10080,0.09314225852633742
27413,0.16259272424667393
4385,0.2710422424375428
22610,0.072872527522999
8694,0.2554807534977782
28032,0.3132762004657076
15520,0.37689141525307546
10158,0.1042331947392167
10515,0.12355315117414743
4591,0.17121981587493285
28302,0.14368301686936344
24091,0.13857930007455743
11112,0.23129502078242398
735,0.16266166307041105
17496,0.25189781851538734
12663,0.30384053597897787
18639,0.2300744814137239
14058,0.30877056396434804
28647,0.3767919257699081
3713,0.341818691479776
5330,0.3356436275186846
7473,0.20117377309999215
3639,0.10256155825923369
3949,0.2897288182637257
26013,0.10573462304899295
26511,0.15752680668471386
9386,0.1084168618461669
5340,0.27176984976461993
21453,0.2468121431375461
606,0.24468162530814946
13314,0.2941045795732067
17537,0.21641618864347406
13736,0.1735572088819959
2191,0.2550783305613569
28973,0.0989893627100914
29297,0.1720999806536197
28535,0.15752680668471386
23386,0.08185290586308921
26431,0.3467696938420502
13915,0.13409282910952258
18576,0.2188782747554193
23478,0.08544992588927447
15739,0.17229884701381787
588,0.23190084022993307
23036,0.16069987147447312
9252,0.30384053597897787
2195,0.2076535139283879
22999,0.238644151231655
9014,0.19483400836060574
11987,0.2300744814137239
5177,0.40216068085691775
14851,0.24198840622276574
23091,0.2650292047514454
3059,0.0802258506390363
3155,0.3017953995235218
13029,0.17794277360022243
17708,0.16279434266349813
2710,0.07871606551667742
3152,0.1263475943817912
2497,0.1752117933338715
2290,0.15752680668471386
8348,0.3502616007339819
18942,0.19237192224866048
1283,0.09118046693039948
25285,0.18811105063531613
7938,0.1751396395568214
25713,0.28193944884115013
26179,0.13485541948536195
7119,0.23874606320076094
11348,0.17121981587493285
23861,0.2419035890417466
6099,0.49255169527442466
4662,0.17229884701381787
21896,0.21531287879221186
980,0.14260531427114218
23450,0.13523610218085935
7191,0.10838204211802376
7162,0.2746320119947636
6600,0.12801025165266927
22887,0.3803920761765027
1807,0.09584503272004771
14111,0.17229884701381787
26876,0.170369207252591
23301,0.3193253967353808
22515,0.21092895835512224
13317,0.16123102142843398
14476,0.19483400836060574
7696,0.1292755174814397
552,0.11450471829051587
14305,0.10713701366851743
4998,0.2231484334058289
13576,0.1325934748882702
22804,0.29796538019498775
29516,0.17219423524794172
28961,0.12801025165266927
5078,0.07061815411368372
21166,0.12795407329585465
1840,0.2313203916807771
22569,0.19662362612098766
17616,0.11176974162432866
10768,0.2532177401733517
12776,0.4000700754706701
24223,0.1691257822240586
5446,0.2557437835589106
24040,0.30893134794478994
29778,0.15752680668471386
4101,0.38434946522639674
23267,0.37658225592187305
10216,0.12334411988674251
494,0.2554807534977782
5299,0.1965120150717499
3677,0.13903641602759148
25794,0.08638178172729864
395,0.2992578692501209
13374,0.27610339241324483
10640,0.26160659253820157
13963,0.24889601609152134
21736,0.3214668572025902
11271,0.21747228011951542
28963,0.10903920419638993
22630,0.20010530918809966
12222,0.29689763395962676
7284,0.25125342850609556
19484,0.1691257822240586
18005,0.16269581720787726
25589,0.15593870534512144
19930,0.23528418195374629
5030,0.19623850164275528
14043,0.16158263193152603
23889,0.11513955259181576
6116,0.30404055336442615
14249,0.2313203916807771
18593,0.34417460844110476
26230,0.2963361349413366
29948,0.4894098228611583
16614,0.07991809521133617
27107,0.19028812040565585
4311,0.10056620007656208
15163,0.2204762265511707
2116,0.09741894141243734
10859,0.08544992588927447
13352,0.28839728912457796
13607,0.23804153258142116
3754,0.09186238037450307
20054,0.1407118678646225
15029,0.13649231945114637
18171,0.17229884701381787
13725,0.17949513080292837
26444,0.18945869579596697
8636,0.23801797850771358
18979,0.3279042332969856
25644,0.0589449239612491
16732,0.11690528617410313
12568,0.29408814274636463
23152,0.3106947619120191
28091,0.20535937455185665
21559,0.3029911188132335
169,0.10977021052014307
5922,0.2067793520510005
9093,0.25890861103596197
6140,0.1566162425189524
29573,0.2900596947768548
18362,0.22951174113037867
10540,0.19480308595514956
6303,0.16317073327111845
27795,0.3668771495292774
29187,0.23801797850771358
27078,0.13428252724671488
24067,0.07986191685452154
29158,0.22612015313757527
983,0.19122644623594992
7328,0.33307904650691605
17221,0.33159256078609484
23598,0.16096382509849266
29018,0.23905462949133163
8042,0.2065388447824212
19798,0.17229884701381787
13932,0.08111672616734755
9881,0.2448731614788355
21920,0.15593870534512144
18687,0.1263475943817912
256,0.21613645034106455
11474,0.16557588928852826
23188,0.1773290916336389
10819,0.21895092110667935
29138,0.2746320119947636
1442,0.1809960387732387
22243,0.18159852496795245
20721,0.17794277360022243
17491,0.06924800608041407
10159,0.13409282910952258
7091,0.19870058775470054
24140,0.07782671754178809
2808,0.20598947408814333
9696,0.135237221933647
3860,0.1594885982806518
22169,0.18895895084233458
12639,0.17219423524794172
2946,0.20121785132462297
352,0.12801025165266927
21860,0.20015169660645385
22045,0.10926118850063968
21712,0.10413792914380215
14602,0.1691257822240586
28760,0.17719232442635974
29801,0.1683012515146516
28123,0.08111672616734755
8143,0.1691257822240586
1930,0.30204044048515255
4329,0.09778020580591514
3095,0.29080914941658026
27806,0.17229884701381787
187,0.2661109789163295
15822,0.2544239887015716
5495,0.1539769137491835
17847,0.19246155174875365
14423,0.14931770724058205
2213,0.11176974162432866
24660,0.4004983774082055
1670,0.18811105063531613
27939,0.0626982978524359
1584,0.2516679711240731
11779,0.20703858862308536
28812,0.1522369610143303
29215,0.33252197103392495
28856,0.2776419696814548
16040,0.06792530230133931
8660,0.09129095583791064
26817,0.1884032746940243
24043,0.17415602684387965
8148,0.09162393542990993
22798,0.1394322494813829
15649,0.2954698297390224
21116,0.27283393664161903
23625,0.40220225250172176
19024,0.2550812586400062
25781,0.20862679050100966
12736,0.4098955004044406
14211,0.1981427640534648
25634,0.3502454172133172
20529,0.284801565147054
14484,0.17395660898840698
24081,0.23978894393412506
12870,0.1319608299053518
21331,0.2438905941589499
14418,0.24625389192898275
6488,0.0829663643190601
16400,0.32906977015883954
10839,0.20510331247823302
17065,0.09584503272004771
2608,0.1522369610143303
28644,0.1691257822240586
7112,0.21724635471029768
19147,0.2871879645652265
21534,0.13837648622216656
826,0.17794277360022243
14289,0.33480731147592346
15276,0.08133880875244133
23157,0.13582617818903794
28144,0.14291936801878222
23210,0.15752680668471386
10196,0.17355812504489898
6503,0.215998853887628
16836,0.13887875766807461
26545,0.13480380778733658
10789,0.17794277360022243
5629,0.2996860658069478
24726,0.1788417394128783
16585,0.14449528040525209
22621,0.24772558336980635
22294,0.13142280318655497
11170,0.24639731734127046
24059,0.27641179342663696
17826,0.23862379795522268
5744,0.1263475943817912
2613,0.14097038361725342
20407,0.09901166532370334
29685,0.1982002932386932
11540,0.11266794282577029
15575,0.23801797850771358
20270,0.2444687261382172
19256,0.11879016209765068
12048,0.12795407329585465
10486,0.11008075414361211
26121,0.17219423524794172
27171,0.14997133513954095
29464,0.16557588928852826
12860,0.18569755586104963
7622,0.2067793520510005
25249,0.23426707460318238
25366,0.20327563970735296
5584,0.18811105063531613
24202,0.3255183200432795
1197,0.12564763742852622
26725,0.0802258506390363
15702,0.16266166307041105
17799,0.09906784368051796
21424,0.14934675768281117
20162,0.23761554327070947
9718,0.1005920062021966
23171,0.27959213449456427
6118,0.17949513080292837
28707,0.10814558105774469
8864,0.21286629570794371
21127,0.072872527522999
23203,0.1394322494813829
8495,0.23801797850771358
15037,0.20810934267582806
7185,0.24446084606801413
21782,0.0941534542007862
25400,0.18895895084233458
29858,0.34643756735873726
15554,0.33231345180052746
12365,0.2674852530402432
22523,0.2070113791703547
16138,0.10273596432009648
10840,0.1157759674966881
25111,0.15413441349167895
25124,0.2367822338497093
5332,0.14301512602365316
18931,0.09263323650683403
25605,0.14231422292002457
20210,0.10784124573642583
27177,0.17229884701381787
2527,0.16880873465132132
19997,0.2951860460575143
22133,0.16582073894056262
8549,0.24310879047352554
14972,0.20811450716524257
21014,0.2523206724553929
8958,0.24965867834510397
6996,0.07224520933773662
6159,0.16688943426737765
20347,0.25545920891659873
9370,0.27283393664161903
7148,0.20837887734740126
13413,0.29395031456556703
14719,0.2776419696814548
29783,0.08882325421245375
4536,0.21724635471029768
24358,0.30384053597897787
20674,0.22279037116053935
12013,0.11009373416697932
4464,0.10746116014251597
29590,0.13166871140559305
14362,0.09129095583791064
23774,0.10784124573642583
24542,0.09652868171157171
16640,0.1828316674742415
9328,0.23324754620348317
9643,0.1773290916336389
26492,0.2506370543602785
20720,0.135339858650519
2867,0.1596208403355881
2263,0.1259922816999167
16566,0.07174319948773472
11116,0.2908639723054577
28502,0.15752680668471386
11972,0.21925536389624062
16798,0.12801025165266927
14988,0.09736276305562272
10083,0.10137689405814507
12898,0.16830558965681564
22240,0.17121981587493285
23895,0.23224132323918104
10276,0.16246930249367586
20717,0.11481802526432
24477,0.170369207252591
16123,0.35325649117446584
15661,0.14931770724058205
17700,0.22428338120557584
20530,0.4231488608708037
10262,0.13551703645756316
27505,0.0589449239612491
4348,0.30840644950906193
8005,0.11101190216093491
5655,0.17219423524794172
22686,0.21048175920840503
1041,0.072872527522999
21784,0.1691257822240586
11339,0.1691257822240586
17124,0.14231422292002457
25949,0.1624907566898519
11526,0.19860611550781684
29756,0.2969675535935334
3651,0.1522369610143303
29883,0.10564103652024753
15129,0.2076535139283879
20132,0.1766181129558249
18405,0.08185290586308921
23721,0.12801025165266927
2624,0.1663437980608777
4894,0.1455679790294476
11290,0.09586121230402504
4456,0.209429137533167
10627,0.1594885982806518
25090,0.16995064696351864
27138,0.272804115391797
25511,0.23801797850771358
20024,0.3711983969070503
21213,0.2076535139283879
22265,0.16069987147447312
15736,0.2759068919730166
5580,0.31139982419825163
9783,0.0589449239612491
20506,0.207508919524091
930,0.17476970881046316
4861,0.3163468112688538
13005,0.21242327863740507
18082,0.1566162425189524
5489,0.10532080993008013
25896,0.2371676364336603
21915,0.09471998734599671
15621,0.16154616500835758
23195,0.13417727592095732
11072,0.11339093664925602
20669,0.2776315783985801
28486,0.1691257822240586
28174,0.16830558965681564
20623,0.13855849293350153
28127,0.38788268994903025
14770,0.17229884701381787
11835,0.1810725711669641
26141,0.07167867619252612
17522,0.12801025165266927
25791,0.1539769137491835
25445,0.19870058775470054
9816,0.1975759481332063
11634,0.18638063443600925
28150,0.17476970881046316
9141,0.2852675728555215
24402,0.21958925343323332
19223,0.08825523331651955
11031,0.17415602684387965
12114,0.2385388888668789
29344,0.20397783426048108
18755,0.2268790831066341
21973,0.10053582784538198
20273,0.1864163532091822
25680,0.3131651469920257
5582,0.22155344833528973
3072,0.25176958386411014
18925,0.3237604709943686
657,0.1810725711669641
14246,0.20232294073220783
4271,0.16343179888611534
21691,0.06792530230133931
19727,0.29345256150789933
10930,0.25388193298984674
18699,0.072872527522999
19378,0.2313203916807771
12633,0.2002884214450651
4660,0.1602115456761377
4063,0.43376361169301453
13874,0.22744095244147605
6770,0.24697492231103008
3032,0.09951665421757529
18040,0.3237289425206346
11025,0.14649142986723465
1036,0.24364930671936333
20960,0.24198840622276574
15232,0.19625203890193665
21252,0.13595241565299285
19664,0.1691257822240586
28568,0.0747193000077252
20870,0.23129502078242398
25415,0.1691257822240586
9247,0.22362321915064892
22347,0.30066747118921866
7310,0.11526629739483187
24922,0.3641943393598395
25843,0.2018122247040609
27552,0.11750107030895816
14855,0.16557588928852826
19665,0.23395136262002383
20137,0.3304015783344719
6250,0.24103095687354356
22308,0.3864544125398146
6234,0.15752680668471386
3896,0.1265232950583323
4941,0.1691257822240586
1803,0.19435234421990485
13934,0.1096443302630918
21045,0.26331955234122106
9099,0.27233522311624275
16962,0.2076535139283879
3383,0.1838523064686752
11869,0.14931770724058205
23547,0.11509693776860201
5673,0.16513252486705637
23406,0.072872527522999
1701,0.2129120619490956
3278,0.2776419696814548
13081,0.21496404218829676
7322,0.08241943900829973
15340,0.10713701366851743
2322,0.09901166532370334
14239,0.17229884701381787
5037,0.26889457117028176
19611,0.16069987147447312
682,0.10261773661604831
15567,0.2262703081259103
3604,0.17229884701381787
27967,0.18593197288383134
14594,0.09901166532370334
8196,0.27687933841115514
24685,0.21814329304954674
1628,0.1156903228016676
21751,0.2300744814137239
9033,0.19220711493649995
22900,0.08882325421245375
19499,0.17229884701381787
2328,0.08162217680150952
16235,0.13588235654585257
26984,0.1852631158395747
16801,0.1883705739800113
22823,0.10579080140580757
12607,0.11481802526432
3450,0.12023855563401234
6168,0.13974870739097295
23699,0.09129095583791064
3840,0.30066747118921866
25321,0.07986191685452154
22830,0.3027874995390635
25218,0.12795407329585465
7950,0.254761654819465
11670,0.3272411303920841
7880,0.17219423524794172
8840,0.14291936801878222
23869,0.0941534542007862
1088,0.19485526712822862
25758,0.14234776680609154
9213,0.24098636181598204
25244,0.072872527522999
21659,0.08615130906063863
19014,0.2227371494797562
2852,0.12542483865979284
12208,0.12546755079443497
6378,0.35208241705376003
14437,0.2799886661203175
537,0.0802258506390363
25147,0.30388562026297183
3276,0.1907180229375392
21844,0.10581225787443535
6892,0.23111225622160245
24514,0.14975532292433857
27170,0.35491764275532484
8729,0.06792530230133931
19513,0.2377343237829447
2339,0.3228466019707086
8406,0.27017239968486284
14740,0.18088854915372063
10837,0.17229884701381787
16287,0.20482805500620693
22998,0.09129095583791064
26371,0.17229884701381787
27619,0.17602176349832133
4608,0.269155734482472
9453,0.21238084708383712
4547,0.2554807534977782
11970,0.37955088331562103
12716,0.12795407329585465
21244,0.14284227677161626
2335,0.28074415514648066
29926,0.3300347619283437
17222,0.17794277360022243
12997,0.09726284638985216
20177,0.27763503770652065
27788,0.14231422292002457
19732,0.10425926888138375
19345,0.22301094557261658
5289,0.16557588928852826
9272,0.10492270809803891
20325,0.2963361349413366
6390,0.2908735724393981
1633,0.16069987147447312
19348,0.1624907566898519
4713,0.17229884701381787
8361,0.18682604138662257
12922,0.6713960354292711
16125,0.1490046044100616
1196,0.24325996339084272
20394,0.13062738298542698
2622,0.14342924111179514
22296,0.27283393664161903
8695,0.08185290586308921
1730,0.08185290586308921
24427,0.20641184385767505
22756,0.17794277360022243
2477,0.28761835629985677
26237,0.19636174015979788
27092,0.2313203916807771
29181,0.19207777095639203
20180,0.072872527522999
28604,0.1306835613422416
20016,0.18172318032365314
18618,0.1025416124510998
24097,0.30066747118921866
2577,0.1239979202740494
5986,0.42227690849284105
6237,0.22677890336215023
25059,0.09298253812602754
26596,0.28519540050411296
21804,0.0589449239612491
24998,0.11717210187020019
462,0.1393760711245683
26745,0.2780933571733289
535,0.14260531427114218
14800,0.21037826952160235
8403,0.1566162425189524
14441,0.25132141480268133
13498,0.30484956581921346
29324,0.1912150104387676
26312,0.09831047475925779
21394,0.17229884701381787
12966,0.31779668594763966
29224,0.37659680515540794
4188,0.1476027060172846
14934,0.1327451383482191
5423,0.1982002932386932
7386,0.4509216859476396
21898,0.3521251908668541
9351,0.1025416124510998
18055,0.252592613464885
13181,0.1331287416921769
3796,0.2565729221502007
832,0.2313203916807771
10818,0.33056778710539514
12,0.2493207218302638
24055,0.12795407329585465
7652,0.20031563089779575
23624,0.19870058775470054
26092,0.23324754620348317
10065,0.13694753232143014
10620,0.07124547229894607
26924,0.1884429810395489
9801,0.11418411786780558
24623,0.12801025165266927
25756,0.2863347805875761
7542,0.25487517633841
28467,0.21319084459150103
3781,0.12801025165266927
25344,0.2620816758257212
3793,0.3322360748312778
7173,0.2435824425164528
15331,0.16557588928852826
17699,0.1517200160701458
25425,0.19237192224866048
28517,0.16266166307041105
5309,0.09129095583791064
9180,0.1691257822240586
14407,0.16557588928852826
21063,0.072872527522999
766,0.14254913591432755
22101,0.1691257822240586
19841,0.07991809521133617
20557,0.09101699718010342
22277,0.19685184553411478
2133,0.22225920123768317
24980,0.06792530230133931
14259,0.22286920776737043
26785,0.22954685849725354
261,0.3752463688422326
8859,0.2403744243486706
3463,0.1594885982806518
926,0.3978065823470234
23153,0.1596208403355881
9205,0.2590416179740069
20889,0.17229884701381787
7460,0.17794277360022243
29970,0.12017630143801383
21840,0.1327451383482191
2157,0.1594885982806518
19980,0.3580039599361399
24848,0.21210219113616668
28847,0.19438383129726391
26795,0.11418411786780558
29518,0.24099456757118726
19979,0.4172861964369569
17179,0.16830558965681564
21518,0.21537210293477232
29932,0.09906784368051796
15574,0.21641618864347406
12542,0.07986191685452154
27145,0.08241943900829973
8384,0.1560314862399977
27011,0.1773290916336389
9947,0.11617336471122808
20657,0.1631314161842818
14630,0.1522369610143303
25293,0.42563784427936074
29398,0.23993572568376628
22305,0.11481802526432
467,0.2071080303614191
28584,0.08185290586308921
7898,0.10713701366851743
1768,0.12795407329585465
1299,0.2440757479414453
1230,0.1460522559929715
14454,0.2544087311076295
17416,0.1524541301828436
22202,0.16533633041695409
21949,0.16023917980208116
12383,0.20327563970735296
5780,0.2136368320564785
15,0.16012216166317386
1927,0.1522369610143303
3876,0.12410055901553863
13329,0.12795407329585465
3208,0.11412793951099096
16446,0.4936402561532007
25179,0.38336923965755587
17309,0.19237192224866048
1493,0.17229884701381787
16174,0.1766181129558249
14986,0.23111225622160245
7287,0.17229884701381787
3571,0.26645472839814244
994,0.20480190434104234
9187,0.11333264573422308
12795,0.13060216067427333
24308,0.12674624052775976
4328,0.2971923567708493
11032,0.07757259759926459
18450,0.2199478932665626
3963,0.3494573563589026
29149,0.23129502078242398
814,0.09162393542990993
19833,0.20598947408814333
3455,0.15593870534512144
11636,0.26426387627022596
19039,0.16557588928852826
12225,0.2356453081259103
24849,0.17229884701381787
21199,0.23484491371795432
2000,0.12841093696982148
19269,0.17229884701381787
15157,0.0626982978524359
22489,0.2188782747554193
819,0.08241943900829973
23080,0.17229884701381787
22882,0.07986191685452154
12188,0.31243257851373557
6581,0.10250362286291381
6657,0.3078465609799488
19425,0.22646055647958174
6870,0.2810000867448697
4988,0.12795407329585465
8606,0.12411720585039926
19744,0.12972992643482523
25189,0.09611631350846991
29788,0.12674624052775976
21229,0.3255131171059882
2792,0.25601534306898693
22526,0.1319608299053518
19660,0.11178298497601583
10826,0.2199478932665626
12916,0.07224520933773662
29950,0.10573462304899295
28481,0.09129095583791064
1225,0.0801473242923602
11872,0.24291136988289758
12481,0.21451935383909995
18972,0.15593870534512144
5876,0.19625203890193665
19994,0.17823826703846876
28983,0.19185100886669404
11374,0.2595852452325091
21367,0.30505083532561456
24298,0.09722543476445075
3650,0.17577949587335162
13367,0.1464631156495203
16460,0.08241943900829973
2463,0.17476970881046316
12623,0.08241943900829973
6017,0.2710821190592333
25541,0.12795407329585465
11090,0.1982002932386932
21748,0.2519757589784508
6130,0.15752680668471386
22657,0.11522855965529691
9713,0.2460578098737832
17993,0.09162393542990993
9060,0.17229884701381787
24178,0.26278415848134595
3749,0.16266166307041105
19541,0.17794277360022243
3711,0.4444901212235449
8832,0.16821830296782747
26499,0.10581225787443535
17140,0.17794277360022243
15428,0.1691257822240586
14056,0.3057582831550306
9329,0.32602796825611235
14000,0.13845411104708433
27607,0.2435824425164528
26992,0.15636284244727594
7746,0.05666542130477392
25766,0.16266166307041105
8995,0.16513252486705637
26933,0.16830558965681564
14643,0.13623328475774915
5525,0.16266166307041105
13214,0.4000700754706701
27903,0.17219423524794172
25608,0.12801025165266927
23728,0.335834545595463
13896,0.19237192224866048
18011,0.07167867619252612
13570,0.12801025165266927
14411,0.2554807534977782
18187,0.1591770879081332
26892,0.3163468112688538
15888,0.2149944100367896
6756,0.18057039447060266
29379,0.19402023898002638
26341,0.364852489758499
19416,0.12801025165266927
1108,0.23719193761942825
8112,0.551619427042041
18876,0.20066237935063846
22149,0.22652458847819357
14394,0.12149448173502994
9711,0.19483400836060574
4924,0.19929281765343332
22922,0.314209891391533
12054,0.21759196618163604
19110,0.18661733236474048
11370,0.22062421936668786
26916,0.33056778710539514
29920,0.29102448971392325
11769,0.19451454723721345
19897,0.11101105307804632
1974,0.4207969075477175
15524,0.29768855534481353
1244,0.2723856581942661
7202,0.12758282671503735
6428,0.2593155711901746
10416,0.19625203890193665
24256,0.1691257822240586
5721,0.29160018233325036
22956,0.27780507678452293
9808,0.12801025165266927
4613,0.2099407048275096
11561,0.2411608165455431
15811,0.17415602684387965
11437,0.22430371695058673
20447,0.08218870994672
15473,0.0869740884109531
20831,0.20333440799745547
10779,0.12638278618286483
22554,0.17283709466285163
7149,0.14371276373248756
17306,0.23993572568376628
10149,0.16513252486705637
26897,0.22652458847819357
8745,0.21980135594990086
17823,0.22152165411116723
22924,0.12801025165266927
29919,0.12888482250571848
1796,0.1394322494813829
13701,0.2359531350083418
25381,0.23044798328753374
16539,0.1982002932386932
8900,0.2533261326858674
24245,0.3111135658400022
19299,0.23614645753098024
17908,0.2544239887015716
26427,0.16119535882380287
4992,0.23801797850771358
14615,0.30066747118921866
22412,0.11791037919396861
9257,0.21680424751188251
1378,0.2428614121344055
8852,0.1522369610143303
2112,0.28465710998817984
19251,0.26212822186225715
15559,0.23804153258142116
28699,0.08465794660717701
17144,0.19062011487790337
3350,0.2620816758257212
935,0.23801797850771358
26281,0.14583153962030235
7109,0.12795407329585465
2262,0.1522369610143303
27165,0.2227371494797562
22578,0.23086456293333693
14443,0.0829663643190601
26919,0.3960905180237287
19728,0.09129095583791064
12649,0.23239790429854806
8836,0.1596208403355881
24655,0.17920901515854176
13608,0.1103535885953294
2026,0.21699734545176527
14530,0.16069987147447312
10313,0.13623328475774915
28876,0.2830263531685323
28776,0.09726284638985216
22596,0.12801025165266927
20254,0.13513389469511106
3088,0.2832858962678594
18396,0.07757259759926459
18438,0.17524855125861977
4851,0.2076535139283879
8133,0.21665530686695167
5451,0.42616499783509876
17128,0.21641618864347406
1878,0.09193200046980234
6833,0.12801025165266927
28710,0.23707100598526046
8712,0.21724635471029768
22827,0.11875978986647058
20463,0.16133986716472817
14051,0.23484491371795432
27233,0.19848595804080876
2841,0.16266166307041105
17101,0.3864251265306053
19079,0.17794277360022243
9996,0.17229884701381787
25278,0.2541656814729724
6832,0.1431657579388714
9687,0.37820581856305924
8382,0.17304779762308373
15158,0.1084168618461669
17753,0.1402877174909355
21565,0.2076535139283879
17436,0.24697492231103008
4922,0.21037826952160235
18216,0.2071080303614191
15692,0.11481802526432
10495,0.10898532266419461
11055,0.25890861103596197
22816,0.1663437980608777
20594,0.1990595374688046
19343,0.2745194075091256
3089,0.1691257822240586
21137,0.37009168341298526
13010,0.209429137533167
29693,0.1594885982806518
2823,0.16495621645487063
20879,0.17476970881046316
28246,0.2595852452325091
18088,0.1913414824474542
13569,0.2329153397980096
8565,0.2292864608473988
9923,0.13607386379814776
27494,0.2593155711901746
15869,0.2593155711901746
20263,0.13649231945114637
5445,0.15768493784576743
13487,0.2544239887015716
13418,0.09129095583791064
21700,0.14342924111179514
4247,0.27965020765078685
2648,0.093869048476907
29540,0.21922840371847008
26057,0.2195548341934706
2568,0.1711463416522041
4807,0.24638178819291326
22796,0.1878130932286496
9563,0.2891138079048935
16018,0.24497187113272287
5006,0.2180908580460612
27632,0.20117377309999215
3503,0.18527528782324754
23326,0.23484491371795432
12643,0.10256155825923369
9998,0.23801797850771358
869,0.10579080140580757
9677,0.2016019103501605
17516,0.46199618610964793
26533,0.30384053597897787
6286,0.11538858575699132
15720,0.38456550550682767
1965,0.12801025165266927
27737,0.2657353808507271
11870,0.30066747118921866
1405,0.1539769137491835
22792,0.18894542575878998
14102,0.1522369610143303
8039,0.233040024802481
24186,0.20232294073220783
1682,0.1821476629255193
24631,0.10632051122386528
15668,0.22130663706013157
7659,0.08882325421245375
15261,0.10261773661604831
20111,0.125011724390036
14680,0.222947088347816
25236,0.28682142263455973
28981,0.43967851134861224
29651,0.1306835613422416
18611,0.07986191685452154
10774,0.09129095583791064
14364,0.21576666048836027
16382,0.2554807534977782
22179,0.23253273455396153
11810,0.1025416124510998
29528,0.18621808852821797
25963,0.0589449239612491
1533,0.12801025165266927
13995,0.13845411104708433
21476,0.1691257822240586
17346,0.23484491371795432
30,0.3502616007339819
11542,0.32079971176548894
26435,0.2620816758257212
24464,0.0829663643190601
5563,0.09554978036325942
24078,0.29760602635876887
7918,0.16217389555068046
19307,0.3347076007348509
13921,0.2680282580543377
11726,0.13426383362497862
23141,0.1330778942862971
26510,0.2559239934934328
24085,0.20327563970735296
4330,0.09421797749599478
20564,0.14262490824380944
26773,0.25275476834827204
26681,0.16768039886856537
9631,0.33144407306266055
6798,0.12795407329585465
10088,0.09129095583791064
2086,0.7367798923627693
11877,0.15786783882990732
12086,0.072872527522999
3377,0.10573462304899295
10286,0.30968709619979845
7424,0.11418411786780558
12541,0.1773290916336389
25588,0.1594885982806518
6012,0.23801797850771358
15582,0.23253273455396153
18591,0.11717210187020019
6188,0.23801797850771358
7309,0.09162393542990993
17283,0.3057582831550306
2724,0.2076535139283879
17263,0.1828316674742415
27606,0.30505083532561456
17166,0.10746116014251597
20918,0.213872222044326
17729,0.20507679702714743
25998,0.17121981587493285
12660,0.18017519068899165
12328,0.16985959684938054
8530,0.09906784368051796
25297,0.20871987629406374
9202,0.32536655135149306
22495,0.09970174650133097
28537,0.23801797850771358
10820,0.08456358092197926
19296,0.4397428274035666
26107,0.12795407329585465
14505,0.2702239694934893
7319,0.1691257822240586
20671,0.10492270809803891
21175,0.23253273455396153
7554,0.09419085356731664
19327,0.21724635471029768
8098,0.12831828936050796
10547,0.18107946467131006
25200,0.39740060142397865
17258,0.19197380685288115
29721,0.40893831871391334
26205,0.072872527522999
14030,0.20736757939573408
14195,0.08385260224416523
4061,0.2946222850517473
3806,0.17415602684387965
24385,0.16411463362605688
10324,0.1539769137491835
28662,0.09970174650133097
9051,0.30122614460750746
6523,0.23186401768405188
7736,0.19625203890193665
23268,0.23324754620348317
20155,0.19317466287619067
3772,0.1963960167906053
17010,0.18105904608341947
833,0.2536114347780402
16106,0.31719745702633184
16148,0.12801025165266927
20625,0.4367432873682767
116,0.16891959127870304
17330,0.14254913591432755
29057,0.17355812504489898
10378,0.18194755475349375
15386,0.10189800736121879
24301,0.1353512156287278
2498,0.2729838602992199
18798,0.1325934748882702
20098,0.20971169668112366
27115,0.2557437835589106
7551,0.17229884701381787
16869,0.0802258506390363
4154,0.28424625331682757
21088,0.20214641538743344
16837,0.14194963476982933
12817,0.072872527522999
8536,0.17229884701381787
8812,0.13842865825308534
9360,0.1522369610143303
23820,0.27337947872066115
3485,0.21375326882588108
28611,0.10740498178570135
26342,0.20117377309999215
20995,0.5586981926787375
7707,0.2349136564084132
9016,0.24103095687354356
11583,0.2620816758257212
13888,0.0829663643190601
1932,0.0589449239612491
3430,0.0589449239612491
10341,0.08615130906063863
27074,0.19197380685288115
16959,0.310383664325401
2975,0.22611171487499507
15169,0.08882325421245375
17307,0.15885512799096
27698,0.0589449239612491
5147,0.13068169884628109
27300,0.1594885982806518
5305,0.6773252288977204
8675,0.12401438255344086
1332,0.21738916243305503
29517,0.0747193000077252
21735,0.13513389469511106
1340,0.14370030749304993
25110,0.15028707264078064
9440,0.2300744814137239
28581,0.13409282910952258
26780,0.09902145343707182
27874,0.1522369610143303
28650,0.13845411104708433
15517,0.08615130906063863
18791,0.4262712624259358
16166,0.25832048904334226
16195,0.1259922816999167
18182,0.21114877065487092
11967,0.1752253184174161
20850,0.49670777036244373
26169,0.1522369610143303
19558,0.08185290586308921
1471,0.25376115301938584
11417,0.20117377309999215
18083,0.45067009287211424
10133,0.19483400836060574
11325,0.1005920062021966
8332,0.252156166570198
25135,0.22742184414499347
28271,0.2618606923424512
18173,0.1025416124510998
29054,0.20360628726124125
26349,0.23638583274823596
10787,0.12149448173502994
3894,0.09540097145968478
274,0.13480380778733658
28106,0.23801797850771358
4427,0.24772558336980635
22075,0.17229884701381787
7,0.20580900102797955
12201,0.21294983693024702
1937,0.2906124629654295
5853,0.3910495697458066
17518,0.2537280261142226
16090,0.14607094961470776
2850,0.08185290586308921
4745,0.193729383146565
8981,0.12802084936724686
14347,0.24572936724005712
24120,0.18201341581078392
17344,0.17229884701381787
24092,0.13538854911477863
8179,0.2373939167244379
2525,0.20314219983257276
20907,0.6047508372197996
21692,0.20708644755855915
13132,0.4664376621007241
8413,0.2750492927584449
16830,0.1188149129818271
25899,0.11008075414361211
4123,0.23905462949133163
6627,0.3403910776636673
1049,0.08517307586069597
23009,0.23086456293333693
1902,0.19237192224866048
25690,0.21830304180154406
15198,0.09658486006838633
8000,0.2565522583789713
6971,0.10978890414187933
942,0.2573558508752321
22356,0.29711757825368834
3992,0.49670777036244373
1391,0.15523835390861154
13359,0.17355812504489898
13488,0.15752680668471386
19498,0.30384053597897787
8096,0.1316730244090269
21064,0.1984448460870728
3526,0.29066430195797394
5029,0.13959321383365128
6267,0.23253273455396153
9707,0.23232940446226555
7154,0.3598788119902766
8996,0.1157759674966881
27299,0.39206996877348427
29933,0.1965120150717499
12830,0.2521616406000224
73,0.17476970881046316
12078,0.4156427361215487
16281,0.19237192224866048
8488,0.09740196567382779
25803,0.2679468521121786
11611,0.27792474860743105
8810,0.17339102407762472
4882,0.2649341219736071
13193,0.34436122216783116
20042,0.17415602684387965
7502,0.16283112130202282
17770,0.10849910566199854
18488,0.19483400836060574
26598,0.0970498737277654
12350,0.1594885982806518
12970,0.15593870534512144
14904,0.16266166307041105
23596,0.1025416124510998
18858,0.30384053597897787
20985,0.07757259759926459
15839,0.2901184227652618
29072,0.2544239887015716
12305,0.31372543488477145
20571,0.5963963146760275
5549,0.15063424952591814
4258,0.13409282910952258
19698,0.16266166307041105
19332,0.182623213787591
9376,0.16496497268474328
29430,0.12385887546682643
7765,0.17229884701381787
1529,0.07991809521133617
14659,0.1691257822240586
13561,0.23198976042632893
25025,0.23801797850771358
1596,0.07991809521133617
11805,0.1624907566898519
29421,0.3140750213104067
555,0.12254618888264295
24457,0.22462238447361327
27249,0.1522369610143303
26952,0.13588235654585257
19458,0.11451758097748288
2812,0.21835650558453906
11225,0.2941619871164128
16250,0.09097302796563266
477,0.39034357907172945
16398,0.22253795175409888
10815,0.20056537320757872
9988,0.11261912230484328
990,0.16630448097404107
28046,0.2523206724553929
9064,0.19941156643251454
10294,0.1407118678646225
3063,0.222178777884379
28810,0.17756810430295977
25169,0.13649231945114637
17402,0.08241943900829973
22779,0.1691257822240586
22776,0.26846533621811336
21396,0.2622656784962807
18134,0.08517307586069597
6853,0.0626982978524359
14509,0.3529832921319721
5678,0.17465632135988698
26834,0.17369725064294278
25171,0.2321182511828589
27015,0.38037796842501254
20361,0.318774608579053
24983,0.19623850164275528
6252,0.13427505863421504
19440,0.09655601139786174
9840,0.2591599413096579
